GRIDCODE,region
6,
8,
12,
15,
16,
17,
19,
33,
37,
38,
41,
42,
11,
47,
48,
49,
27,
44,
45,
51,
7,
52,
39,
55,
56,
28,
35,
58,
54,
59,
5,
22,
62,
64,
66,
61,
50,
68,
46,
69,
70,
74,
67,
53,
77,
78,
10,
76,
79,
80,
72,
83,
84,
20,
82,
86,
87,
73,
81,
92,
34,
1,
93,
75,
63,
94,
89,
96,
91,
21,
88,
85,
97,
65,
98,
100,
101,
103,
104,
90,
106,
108,
109,
110,
111,
2,
112,
114,
115,
117,
107,
121,
123,
118,
124,
122,
126,
113,
29,
30,
127,
130,
131,
132,
116,
133,
134,
136,
95,
129,
140,
105,
102,
145,
146,
147,
138,
144,
125,
142,
143,
149,
137,
151,
153,
154,
155,
158,
159,
150,
161,
152,
24,
162,
119,
165,
166,
169,
14,
168,
156,
170,
160,
175,
141,
182,
176,
163,
183,
184,
167,
178,Fraser River Valley
187,
190,
191,
13,
164,
192,
193,
194,
195,
148,
177,
196,
128,
181,
157,
171,
186,
198,
9,
197,
36,
203,
205,
207,
179,
206,
208,
212,
215,
214,
71,
220,
217,
223,
224,
211,
219,
213,
227,
228,
229,
222,
226,
231,
216,
180,
232,
209,
234,
201,
236,
185,Okanogan / Wenatchee
240,
189,
241,
242,
238,
239,
225,
246,
247,
249,
237,
235,
172,
248,
251,
259,
254,
260,
262,
263,
250,
253,
265,
266,
221,
173,
32,
200,
269,
23,
271,
268,
202,Okanogan / Wenatchee
275,
276,
278,
274,
280,
233,
282,
264,
284,
277,
285,
252,
258,
286,
245,
272,
290,
292,
273,
295,
297,
281,
291,
293,
301,
303,
307,
300,
308,
309,
294,
261,
210,
283,
288,
135,
317,
311,
313,
320,
321,
323,
306,
326,
287,
299,
279,
328,
310,
329,
322,
324,
319,
331,
256,
314,
332,
335,
267,
336,
337,
339,
334,
341,
342,
330,
327,
348,
315,
26,
345,
352,
353,
354,Puget Trough
355,Puget Trough
350,
318,
360,
361,Puget Trough
362,Puget Trough
365,
358,
344,
351,
349,
372,
204,
359,
375,
364,
343,
376,
377,
374,
356,
381,
383,
368,
384,
385,
386,
387,
366,
389,
390,
296,
391,
174,
379,
367,Puget Trough
392,Puget Trough
393,
395,
388,
396,
373,
400,
402,
404,
405,
399,
410,
380,Puget Trough
408,
99,
411,
139,Fraser River Valley
412,Puget Trough
415,
417,
418,
420,
218,
422,
397,
425,
312,
398,
426,
427,
4,
429,
382,
270,
371,
423,
304,
434,
435,
414,
436,
401,
438,
441,
442,
416,
439,
333,
446,
448,
449,
453,
457,
458,
302,
424,
461,
454,
456,
462,
421,
433,
459,
463,
447,
464,
465,
451,
468,
25,
444,
316,
469,
470,
472,
474,
460,
243,
476,
479,
480,
482,
483,
357,
486,
487,
489,
490,
31,
491,
493,
478,
452,
495,
484,
455,
394,
440,
499,
57,
471,
500,
477,
347,
502,
496,
504,
505,
498,
370,
507,
409,
450,
501,
508,
494,
3,
443,
338,Fraser River Valley
509,
510,
467,
511,
369,
506,
305,
513,
514,
40,
437,
407,
503,
519,Okanogan / Wenatchee
521,
522,
527,
528,
466,
517,
473,
531,
515,
533,
535,
492,
537,
530,Okanogan / Wenatchee
488,
445,
413,
526,
543,
532,
545,
419,
547,
539,
529,
540,Okanogan / Wenatchee
485,Okanogan / Wenatchee
525,
549,
551,
541,Okanogan / Wenatchee
553,
244,
555,
430,
556,Okanogan / Wenatchee
542,
524,
538,
558,
475,
546,
560,
561,
518,Okanogan / Wenatchee
552,Okanogan / Wenatchee
523,
516,
565,
569,
575,Okanogan / Wenatchee
520,Okanogan / Wenatchee
557,Okanogan / Wenatchee
564,Okanogan / Wenatchee
566,
576,
378,
570,
403,
573,
574,
512,
431,
581,
481,Puget Trough
583,
584,
585,
582,
587,
588,
579,
580,
562,Okanogan / Wenatchee
586,
255,
590,Okanogan / Wenatchee
563,Okanogan / Wenatchee
230,
257,
594,
577,Puget Trough
593,Okanogan / Wenatchee
596,
598,
572,
428,
60,
601,
602,
603,
592,Okanogan / Wenatchee
340,Okanogan / Wenatchee
595,
406,
608,
604,Okanogan / Wenatchee
609,Okanogan / Wenatchee
610,
571,
612,
605,Okanogan / Wenatchee
614,
617,
599,Okanogan / Wenatchee
615,
620,
591,Okanogan / Wenatchee
623,
628,
629,
630,
621,Okanogan / Wenatchee
534,
619,
627,
633,
607,
634,
636,
637,
606,
638,
641,
632,
642,
643,
622,
639,
640,
646,
624,
648,
652,
653,Okanogan / Wenatchee
658,
659,
660,
649,
650,
635,
663,
611,
664,
289,
665,
655,
666,
667,
668,
626,
589,
670,
661,
662,
673,
647,
676,
678,
679,
680,
43,
682,
645,
656,
683,
684,
671,
685,
686,
681,
672,
616,
688,
625,
690,
554,
644,
687,
693,
689,
651,
691,
695,
697,
677,
700,
701,
702,
692,
706,
707,
698,
699,
709,
712,
713,
714,
717,
719,
722,
723,
724,
704,
720,
728,Okanogan / Wenatchee
731,
199,
711,
559,
732,
675,
120,
669,
737,
346,
739,
631,Puget Trough
657,
708,
715,Puget Trough
740,
733,
716,
745,
618,Okanogan / Wenatchee
729,
747,
749,
738,
750,
743,
753,
755,
748,
721,
757,
744,
674,
760,
761,
762,
742,
764,
735,
696,
768,
769,
770,
758,
771,
772,
773,
777,
763,
779,
734,
780,
782,
730,
783,
784,
785,
767,
775,
776,
754,Okanogan / Wenatchee
790,
791,
792,
746,
787,
751,
781,
718,
536,
752,
800,
801,
798,
799,
432,
804,
805,
774,
810,
811,
795,
796,
710,
654,
812,
815,
793,
756,
818,
567,
814,
820,
822,
544,
797,
819,Northern Rockies Valleys
825,
821,
788,
803,
826,
809,
829,
830,
834,
828,
839,
840,
835,
841,
778,
843,
844,
846,
808,
836,
817,
827,
816,
832,
833,Northern Rockies Valleys
848,Northern Rockies Valleys
856,
850,
842,
859,
860,
861,
786,
857,
789,
855,Northern Rockies Valleys
867,
868,
869,
870,
851,
871,
872,
824,
875,
876,
878,
802,
862,
858,
881,
882,
886,
874,
887,
888,
890,
863,
838,
852,
892,
877,
894,Northern Rockies Valleys
854,
845,
901,Okanogan / Wenatchee
883,
889,
903,Northern Rockies Valleys
904,Northern Rockies Valleys
896,
897,
837,
727,
899,
902,
907,
893,Northern Rockies Valleys
908,Northern Rockies Valleys
849,Northern Rockies Valleys
910,
879,
891,
880,
911,
794,
913,
898,
915,
909,
765,Puget Trough
918,
912,
920,
914,
741,
916,Northern Rockies Valleys
922,Northern Rockies Valleys
865,Northern Rockies Valleys
866,
924,
925,
926,
927,
928,
885,
895,Northern Rockies Valleys
931,
919,
932,
917,Northern Rockies Valleys
934,
759,
736,Okanogan / Wenatchee
935,
937,
938,
929,Northern Rockies Valleys
923,
940,
939,
941,
942,
943,
945,
946,
947,
703,Northern Rockies Valleys
949,
921,
847,Northern Rockies Valleys
944,
950,Okanogan / Wenatchee
953,Okanogan / Wenatchee
954,Okanogan / Wenatchee
497,Okanogan / Wenatchee
951,Okanogan / Wenatchee
600,
325,
957,Northern Rockies Valleys
936,
952,
955,Okanogan / Wenatchee
956,Okanogan / Wenatchee
959,
961,Northern Rockies Valleys
948,Northern Rockies Valleys
958,
962,
960,
550,
967,
965,
905,
906,
823,
968,
969,
964,
971,
972,
973,
974,
966,
976,
977,
978,
979,
864,
766,
975,Northern Rockies Valleys
981,
963,Northern Rockies Valleys
983,
985,Okanogan / Wenatchee
988,
990,
933,Okanogan / Wenatchee
986,
991,
995,
996,
705,Northern Rockies Valleys
992,
997,
987,
994,
998,
999,
980,
993,
1001,
1000,
1003,
1004,
18,
1008,Okanogan / Wenatchee
1009,Columbia Plateau
982,
989,
1011,
1012,
1006,Columbia Plateau
1013,
1015,
1016,
1010,Okanogan / Wenatchee
1007,Columbia Plateau
1018,
1019,
1017,
1014,
1020,Northern Rockies Valleys
1021,
1022,Northern Rockies Valleys
1023,
1024,
1028,Northern Rockies Valleys
1026,
1029,
1030,
1031,
1034,
1040,
1041,
1036,
1037,
1038,
1042,
1032,
1048,
1002,Okanogan / Wenatchee
1039,
1046,
1051,
1053,
1047,
1052,
1058,Northern Rockies Valleys
1055,Northern Rockies Valleys
1044,Northern Rockies Valleys
1049,
1061,
298,Okanogan / Wenatchee
1043,
1059,
1064,
1067,Northern Rockies Valleys
1068,
1073,
1063,Northern Rockies Valleys
1074,
1075,
1045,
873,
1078,
813,Northern Rockies Valleys
1033,
1070,
1084,Northern Rockies Valleys
1082,
1085,
1086,
1088,Northern Rockies Valleys
1089,Northern Rockies Valleys
807,Puget Trough
1083,
1069,
1095,
1035,
1060,
1072,
1091,Okanogan / Wenatchee
1094,
1077,
1098,
1050,
1099,
1090,
188,
1100,
1103,
1071,
1104,
1105,
1093,
1056,
1106,
1096,Okanogan / Wenatchee
1065,
1109,
1110,
1113,Northern Rockies Valleys
1115,
1118,
1119,
1092,Northern Rockies Valleys
1121,Northern Rockies Valleys
1122,Northern Rockies Valleys
1080,Northern Rockies Valleys
1112,Northern Rockies Valleys
1114,
1123,
1125,
1005,
1101,
1126,Columbia Plateau
1127,Columbia Plateau
1128,
1117,
1129,
1102,
1116,Northern Rockies Valleys
1132,
1124,
1137,Northern Rockies Valleys
1138,
1136,
1066,
1143,
1147,
613,Okanogan / Wenatchee
1111,Columbia Plateau
853,
1148,
1149,
1151,
1153,
1146,
1154,Columbia Plateau
1155,Northern Rockies Valleys
1156,
1152,
1157,
806,Northern Rockies Valleys
1107,Northern Rockies Valleys
1160,
1161,
1159,Northern Rockies Valleys
1162,Northern Rockies Valleys
1163,Northern Rockies Valleys
1164,
1166,Northern Rockies Valleys
1141,Northern Rockies Valleys
1167,Northern Rockies Valleys
1169,
1135,
1150,
1165,
1172,Northern Rockies Valleys
725,
1176,
1054,
1174,
1175,
597,
1134,
900,Okanogan / Wenatchee
1158,
1173,Northern Rockies Valleys
1182,
1133,Northern Rockies Valleys
884,
1183,Northern Rockies Valleys
1184,Northern Rockies Valleys
1185,Northern Rockies Valleys
1187,
1188,Northern Rockies Valleys
1170,
1189,
930,
1190,
1191,
1145,
1171,Northern Rockies Valleys
1197,
1192,
1195,
1205,Northern Rockies Valleys
1207,Northern Rockies Valleys
1202,
1209,
1214,Columbia Plateau
1215,Northern Rockies Valleys
1217,
1206,
1218,
1201,
1221,
1178,
1196,
1223,Upper Columbia
1224,Upper Columbia
1180,Columbia Plateau
1177,Northern Rockies Valleys
1199,Northern Rockies Valleys
1200,
1027,
1226,Upper Columbia
1212,Columbia Plateau
1213,Columbia Plateau
1227,Northern Rockies Valleys
1228,Northern Rockies Valleys
1225,
1097,
1220,Northern Rockies Valleys
1194,
1130,
1232,Northern Rockies Valleys
1208,Northern Rockies Valleys
1234,
1230,
1235,
1236,Northern Rockies Valleys
1140,Northern Rockies Valleys
1229,
1237,Northern Rockies Valleys
1239,
1179,
1241,
1222,
1168,
1244,
1242,Northern Rockies Valleys
1243,
1247,
1248,
1245,
726,
1231,
1246,Northern Rockies Valleys
1252,Northern Rockies Valleys
1238,Northern Rockies Valleys
1254,
1256,
1204,Columbia Plateau
1258,Columbia Plateau
1259,Northern Rockies Valleys
1261,
1262,
1263,
1249,
1251,Northern Rockies Valleys
1266,
1260,Northern Rockies Valleys
1267,
1255,
1250,
1271,
1275,
1268,
1240,
1277,
1281,Northern Rockies Valleys
1270,Northern Rockies Valleys
1282,Northern Rockies Valleys
1273,
694,Northern Rockies Valleys
1283,
1284,
1264,
1286,Northern Rockies Valleys
1287,Northern Rockies Valleys
1216,Northern Rockies Valleys
1288,
1272,
1193,
1274,Northern Rockies Valleys
1290,
1291,
1269,
1280,Northern Rockies Valleys
1295,Northern Rockies Valleys
1297,Northern Rockies Valleys
970,Northern Rockies Valleys
1304,
1305,
1306,
1298,
1299,
1300,
1293,
1210,
1312,Northern Rockies Valleys
1233,Northern Rockies Valleys
1313,
1301,
1303,
1289,
1315,
1309,
1316,
1317,Columbia Plateau
1311,Northern Rockies Valleys
1186,Northern Rockies Valleys
1318,
1319,
1292,
1320,
1323,
1325,Northern Rockies Valleys
1302,Northern Rockies Valleys
1328,
1310,
1294,
1329,
1307,
1330,
1278,
1334,
1314,
1079,
1322,
1338,
1331,
1340,
1257,Columbia Plateau
1344,
1345,
1347,
1348,
1342,Northern Rockies Valleys
1276,
1350,
1324,
1352,Northern Rockies Valleys
1343,Northern Rockies Valleys
1333,Northern Rockies Valleys
1339,
1355,
1351,
1357,
1358,
1361,
1081,
1365,
1308,Northern Rockies Valleys
1349,Northern Rockies Valleys
1360,
1363,
1062,Northern Rockies Valleys
1372,
1321,
1373,
1369,
1370,Columbia Plateau
984,Northern Rockies Valleys
1353,Northern Rockies Valleys
1354,Northern Rockies Valleys
1335,
1366,
1025,Northern Rockies Valleys
1377,
1378,
1379,
1380,
1359,
1336,
1385,
1386,
1364,
1381,
1076,Northern Rockies Valleys
1374,Northern Rockies Valleys
1387,Northern Rockies Valleys
1382,Northern Rockies Valleys
1384,
1389,
1390,
1393,
1332,
1397,Northern Rockies Valleys
1376,
1368,
1394,Columbia Plateau
1398,
1400,
1388,Northern Rockies Valleys
1383,Northern Rockies Valleys
1371,Northern Rockies Valleys
1337,
1402,
1401,Northern Rockies Valleys
1346,
1406,Columbia Plateau
1407,Columbia Plateau
1395,Northern Rockies Valleys
1396,Northern Rockies Valleys
1405,Northern Rockies Valleys
1265,
1375,Northern Rockies Valleys
1403,
1391,
1410,
1408,
1326,Northern Rockies Valleys
1411,Northern Rockies Valleys
1296,Northern Rockies Valleys
1412,Northern Rockies Valleys
1414,
1279,Columbia Plateau
1416,
1404,
1417,Northern Rockies Valleys
1418,Northern Rockies Valleys
1367,Northern Rockies Valleys
1421,Northern Rockies Valleys
1422,Northern Rockies Valleys
1423,
1424,
1425,
1427,Northern Rockies Valleys
1428,Northern Rockies Valleys
1429,Northern Rockies Valleys
1426,
1433,Northern Rockies Valleys
1434,Northern Rockies Valleys
1409,Northern Rockies Valleys
1435,Columbia Plateau
1362,Columbia Plateau
1419,Northern Rockies Valleys
1439,Columbia Plateau
831,Columbia Plateau
1120,Northern Rockies Valleys
1440,Northern Rockies Valleys
1441,Northern Rockies Valleys
1437,Northern Rockies Valleys
1438,Northern Rockies Valleys
1445,Northern Rockies Valleys
1446,Northern Rockies Valleys
1253,Puget Trough
1447,
1413,Columbia Plateau
1356,Columbia Plateau
1448,
1399,
1442,Northern Rockies Valleys
1449,Northern Rockies Valleys
1451,Northern Rockies Valleys
1453,
1454,
1455,Northern Rockies Valleys
1450,Northern Rockies Valleys
1420,Northern Rockies Valleys
1457,Northern Rockies Valleys
1458,Northern Rockies Valleys
1203,Upper Columbia
1452,
1456,Northern Rockies Valleys
1460,
363,Puget Trough
1464,
1461,
1462,Northern Rockies Valleys
1471,Northern Rockies Valleys
1467,
1468,
1472,
1473,Northern Rockies Valleys
1474,
1475,
1476,
1431,
1436,Northern Rockies Valleys
1479,Northern Rockies Valleys
1432,Northern Rockies Valleys
1459,Northern Rockies Valleys
1480,Northern Rockies Valleys
1481,
1484,
1482,
1483,
1491,
1463,
1485,Northern Rockies Valleys
1486,Northern Rockies Valleys
1488,Northern Rockies Valleys
1492,Northern Rockies Valleys
1495,
1496,
1497,
1498,Northern Rockies Valleys
1478,Northern Rockies Valleys
1499,Northern Rockies Valleys
1500,
1502,
1504,
1506,
1494,
1507,
1489,
1477,
1508,
1466,
1501,
1513,
1470,
1131,Northern Rockies Valleys
1514,Northern Rockies Valleys
1511,
1211,
1518,
1519,Northern Rockies Valleys
1503,
1515,
1516,
1517,
1487,Northern Rockies Valleys
1509,Northern Rockies Valleys
1505,Northern Rockies Valleys
568,
1521,
1523,Northern Rockies Valleys
1525,
1510,
1469,Upper Columbia
1465,
1528,Northern Rockies Valleys
1530,
1443,
1536,Upper Columbia
1532,
1529,Northern Rockies Valleys
1533,Northern Rockies Valleys
1535,
1541,
1526,Northern Rockies Valleys
1538,Northern Rockies Valleys
1531,
1546,
1544,
1548,
1549,
1524,
1537,Columbia Plateau
1543,
1550,
1545,
1551,
1527,Northern Rockies Valleys
1552,Northern Rockies Valleys
1539,Northern Rockies Valleys
1554,
1540,
1555,
1512,Upper Columbia
1557,
1559,Northern Rockies Valleys
1563,
1520,
1560,
1561,
1542,
1566,
1567,
1570,
1562,
1522,
1568,
1569,
1571,
1577,
1547,
1553,Northern Rockies Valleys
1579,
1556,
1580,Northern Rockies Valleys
1581,Northern Rockies Valleys
1575,Puget Trough
1573,
1584,Northern Rockies Valleys
1585,Northern Rockies Valleys
1586,Northern Rockies Valleys
1582,
548,Okanogan / Wenatchee
1587,
1578,
1574,Northern Rockies Valleys
1572,
1591,
1565,
1594,
1590,
1588,Northern Rockies Valleys
1596,
1583,
1599,
1564,Northern Rockies Valleys
1600,
1597,
1593,Northern Rockies Valleys
1603,Northern Rockies Valleys
1607,
1608,
1610,Northern Rockies Valleys
1612,
1611,
1601,
1615,
1606,
1617,
1598,
1618,
1619,
1620,Northern Rockies Valleys
1622,Northern Rockies Valleys
1605,Columbia Plateau
1341,
1623,
1624,
1595,
1625,Northern Rockies Valleys
1626,Northern Rockies Valleys
1621,Northern Rockies Valleys
1627,Northern Rockies Valleys
1616,
1602,Northern Rockies Valleys
1634,
1636,Columbia Plateau
1637,Columbia Plateau
1638,Columbia Plateau
1633,
1644,Columbia Plateau
1645,
1613,
1646,Northern Rockies Valleys
1647,Northern Rockies Valleys
1640,Northern Rockies Valleys
1631,
1648,
1652,Northern Rockies Valleys
1534,Upper Columbia
1643,Columbia Plateau
1649,Northern Rockies Valleys
1181,Northern Rockies Valleys
1639,Northern Rockies Valleys
1493,
1657,
1653,
1635,
1144,Northern Rockies Valleys
1663,
1665,Columbia Plateau
1656,
1628,Northern Rockies Valleys
1666,Northern Rockies Valleys
1667,Northern Rockies Valleys
1668,Northern Rockies Valleys
1650,Northern Rockies Valleys
1658,
1630,Northern Rockies Valleys
1661,Northern Rockies Valleys
1673,Northern Rockies Valleys
1659,
1675,
1614,
1430,Upper Columbia
1677,
1678,
1651,Northern Rockies Valleys
1641,
1670,Columbia Plateau
1686,
1687,
1671,
1690,Northern Rockies Valleys
1108,
1662,
1660,
1684,
1685,
1691,
1609,
1679,Northern Rockies Valleys
1680,
1694,Columbia Plateau
1696,
1681,
1699,Columbia Plateau
1689,Northern Rockies Valleys
1700,
1702,Columbia Plateau
1683,Columbia Plateau
1692,Northern Rockies Valleys
1664,
1701,
1558,
1706,
1707,
1672,Northern Rockies Valleys
1703,
1642,
1697,Columbia Plateau
1708,Columbia Plateau
1704,Columbia Plateau
1676,
1712,Northern Rockies Valleys
1714,Columbia Plateau
1715,Columbia Plateau
1698,Columbia Plateau
1716,
1710,
1718,Northern Rockies Valleys
1669,Northern Rockies Valleys
1711,Northern Rockies Valleys
1722,Northern Rockies Valleys
1720,Northern Rockies Valleys
1693,Northern Rockies Valleys
1604,
1592,Upper Columbia
1723,Northern Rockies Valleys
1285,Northern Rockies Valleys
1724,Columbia Plateau
1654,Columbia Plateau
1709,Columbia Plateau
1725,Northern Rockies Valleys
1726,
1730,
1688,
1731,Upper Columbia
1735,
1736,Northern Rockies Valleys
1737,Upper Columbia
1733,
1739,
1738,Columbia Plateau
1705,
1741,
1721,Northern Rockies Valleys
1746,
1740,Upper Columbia
1748,Northern Rockies Valleys
1695,
1751,Puget Trough
1752,Upper Columbia
1753,Columbia Plateau
1713,Columbia Plateau
1755,Northern Rockies Valleys
1747,Puget Trough
1756,Upper Columbia
1743,Willamette Valley
1750,Willamette Valley
1759,Willamette Valley
1757,
1762,Northern Rockies Valleys
1763,Upper Columbia
1717,Northern Rockies Valleys
1767,Willamette Valley
1744,
1768,Upper Columbia
1754,Columbia Plateau
1769,
1770,Willamette Valley
1771,Willamette Valley
1764,
1758,Upper Columbia
1774,
1772,Willamette Valley
1761,Upper Columbia
1777,
1782,
1775,
1760,Willamette Valley
578,Puget Trough
1766,Willamette Valley
1784,Willamette Valley
1727,
1773,Upper Columbia
1786,Upper Columbia
1778,
1788,
1789,
1729,
1781,
1785,
1792,
1742,
1790,Upper Columbia
1734,
1793,
1791,Upper Columbia
1795,
1779,
1798,
1765,
1799,
1800,
1797,Northern Rockies Valleys
1802,Northern Rockies Valleys
1787,
1803,
1805,
1806,Northern Rockies Valleys
1808,
1809,
1804,
1796,
1815,
1801,
1816,
1817,
1818,Northern Rockies Valleys
1819,Northern Rockies Valleys
1728,Upper Columbia
1821,
1820,
1823,Upper Columbia
1745,Columbia Plateau
1825,Northern Rockies Valleys
1826,
1827,Upper Columbia
1829,
1830,Upper Columbia
1828,Upper Columbia
1813,Columbia Plateau
1822,
1831,Upper Columbia
1833,
1835,Willamette Valley
1838,Upper Columbia
1832,
1834,Northern Rockies Valleys
1839,
1840,
1841,
1843,
1844,Northern Rockies Valleys
1846,Willamette Valley
1848,
1850,
1852,
1812,Northern Rockies Valleys
1853,Northern Rockies Valleys
1854,Northern Rockies Valleys
1856,Northern Rockies Valleys
1857,Northern Rockies Valleys
1859,
1861,
1862,
1863,Columbia Plateau
1864,
1842,
1865,
1866,Northern Rockies Valleys
1870,
1849,
1810,Upper Columbia
1874,
1875,Northern Rockies Valleys
1876,Northern Rockies Valleys
1877,Northern Rockies Valleys
1836,
1878,
1871,
1879,
1882,
1883,
1858,Northern Rockies Valleys
1444,
1490,
1872,
1886,
1885,Northern Rockies Valleys
1868,Willamette Valley
1887,
1851,
1888,
1889,Upper Columbia
1890,Columbia Plateau
1891,
1892,Northern Rockies Valleys
1894,Upper Columbia
1880,Upper Columbia
1896,
1899,
1900,Northern Rockies Valleys
1902,Northern Rockies Valleys
1881,Upper Columbia
1904,Columbia Plateau
1814,
1905,
1906,Northern Rockies Valleys
1907,Northern Rockies Valleys
1908,Northern Rockies Valleys
1913,
1914,Upper Columbia
1916,Columbia Plateau
1917,Northern Rockies Valleys
1898,Northern Rockies Valleys
1918,Northern Rockies Valleys
1912,
1920,
1921,Upper Columbia
1922,Upper Columbia
1924,Columbia River / Yakima
1926,Northern Rockies Valleys
1901,Northern Rockies Valleys
1927,Northern Rockies Valleys
1928,Northern Rockies Valleys
1929,Northern Rockies Valleys
1909,Northern Rockies Valleys
1915,Upper Columbia
1931,Northern Rockies Valleys
1719,Northern Rockies Valleys
1932,Northern Rockies Valleys
1910,Northern Rockies Valleys
1935,
1869,
1936,
1794,Upper Columbia
1937,Upper Columbia
1923,Upper Columbia
1940,
1942,
1867,Northern Rockies Valleys
1943,Northern Rockies Valleys
1933,Northern Rockies Valleys
1945,
1919,
1946,
1947,
1948,Upper Columbia
1950,
1951,Northern Rockies Valleys
1952,Northern Rockies Valleys
1934,Northern Rockies Valleys
1953,
1392,
1955,Upper Columbia
1949,Upper Columbia
1938,Columbia Plateau
1911,Willamette Valley
1954,
1959,Upper Columbia
1732,Columbia Plateau
1897,Columbia Plateau
1930,
1961,
1964,Columbia River / Yakima
1965,Columbia Plateau
1939,Columbia Plateau
1884,
1963,Northern Rockies Valleys
1957,Northern Rockies Valleys
1749,Northern Rockies Valleys
1967,Northern Rockies Valleys
1966,
1972,Northern Rockies Valleys
1956,Columbia Plateau
1976,
1960,
1970,
1925,Northern Rockies Valleys
1855,Northern Rockies Valleys
1968,Northern Rockies Valleys
1893,Willamette Valley
1975,
1978,
1979,
1980,Northern Rockies Valleys
1219,Northern Rockies Valleys
1142,Northern Rockies Valleys
1974,
1986,
1987,Northern Rockies Valleys
1988,Northern Rockies Valleys
1989,Northern Rockies Valleys
1982,Northern Rockies Valleys
1589,Northern Rockies Valleys
1984,Northern Rockies Valleys
1985,Northern Rockies Valleys
1992,Northern Rockies Valleys
1983,Northern Rockies Valleys
1996,Northern Rockies Valleys
1999,Northern Rockies Valleys
2000,Northern Rockies Valleys
2001,Northern Rockies Valleys
1944,Northern Rockies Valleys
2004,Northern Rockies Valleys
2002,
2005,Upper Columbia
2006,
1941,
1981,Northern Rockies Valleys
1991,Northern Rockies Valleys
1998,Northern Rockies Valleys
2009,Northern Rockies Valleys
2003,
1993,Northern Rockies Valleys
2008,Northern Rockies Valleys
1969,Northern Rockies Valleys
2017,Northern Rockies Valleys
1776,Willamette Valley
2019,
2020,
2014,Northern Rockies Valleys
2016,Northern Rockies Valleys
2023,Northern Rockies Valleys
2010,Willamette Valley
2026,
2027,
2028,
2011,
2021,Northern Rockies Valleys
1990,Northern Rockies Valleys
1995,Northern Rockies Valleys
2029,Northern Rockies Valleys
2030,Northern Rockies Valleys
2031,Northern Rockies Valleys
2015,Northern Rockies Valleys
1807,
2033,Upper Columbia
1811,Upper Columbia
2034,Columbia River / Yakima
2035,
2038,
2039,Northern Rockies Valleys
2041,Northern Rockies Valleys
2042,Northern Rockies Valleys
2043,Northern Rockies Valleys
2025,
2037,
2007,
2045,Northern Rockies Valleys
1997,Northern Rockies Valleys
1971,Northern Rockies Valleys
2046,Northern Rockies Valleys
2022,Northern Rockies Valleys
2032,Northern Rockies Valleys
2024,Northern Rockies Valleys
2047,
2013,Northern Rockies Valleys
2050,Northern Rockies Valleys
2051,Northern Rockies Valleys
2053,Northern Rockies Valleys
1958,Upper Columbia
2055,
2036,
2049,
1327,Northern Rockies Valleys
2057,Northern Rockies Valleys
2052,Northern Rockies Valleys
1629,Northern Rockies Valleys
2059,Northern Rockies Valleys
2044,Northern Rockies Valleys
2061,Northern Rockies Valleys
2062,Upper Columbia
1198,Upper Columbia
1655,
2064,
2056,
2065,
2066,
1824,Northern Rockies Valleys
2060,Northern Rockies Valleys
1837,
2048,
1847,
1994,Northern Rockies Valleys
1860,
2072,
2069,Columbia Plateau
2074,
2075,Northern Rockies Valleys
2071,
2018,
2076,Northern Rockies Valleys
2012,Northern Rockies Valleys
2077,Columbia River / Yakima
1903,Columbia River / Yakima
2078,Upper Columbia
2079,Upper Columbia
2083,Columbia Plateau
2080,
2084,
1873,Columbia River / Yakima
2085,Columbia River / Yakima
2086,Columbia Plateau
2082,Columbia Plateau
2089,Columbia Plateau
2070,Northern Rockies Valleys
2090,Northern Rockies Valleys
2091,Northern Rockies Valleys
2092,Columbia Plateau
2093,
2081,Northern Rockies Valleys
2094,Northern Rockies Valleys
2058,Northern Rockies Valleys
2097,Northern Rockies Valleys
2040,Northern Rockies Valleys
2099,Northern Rockies Valleys
2101,Northern Rockies Valleys
2096,Northern Rockies Valleys
2105,Northern Rockies Valleys
2106,Northern Rockies Valleys
2107,Northern Rockies Valleys
2108,
2109,
2111,Upper Columbia
2112,Upper Columbia
2113,Columbia Plateau
2114,Columbia Plateau
2100,Northern Rockies Valleys
2102,Northern Rockies Valleys
1973,Northern Rockies Valleys
2110,
2115,Upper Columbia
2118,Upper Columbia
2119,Columbia Plateau
2120,Columbia Plateau
2103,Northern Rockies Valleys
2121,Northern Rockies Valleys
1845,Northern Rockies Valleys
2067,Northern Rockies Valleys
2117,Northern Rockies Valleys
2123,Columbia Plateau
1139,Columbia Plateau
2125,Columbia Plateau
2126,Columbia Plateau
2127,Northern Rockies Valleys
2128,
2124,Columbia Plateau
2122,Northern Rockies Valleys
2131,
2132,
2134,
2087,Columbia Plateau
2135,
2129,
2088,Northern Rockies Valleys
2136,Northern Rockies Valleys
2138,Columbia Plateau
2140,
2141,
2143,
2139,
2137,Northern Rockies Valleys
2145,
2098,
2147,
2133,
2151,
2130,Columbia Plateau
2152,
2156,Northern Rockies Valleys
2150,
2155,
2153,Columbia Plateau
2159,Northern Rockies Valleys
2162,Columbia Plateau
2163,Northern Rockies Valleys
2144,Northern Rockies Valleys
2160,Northern Rockies Valleys
2165,Columbia Plateau
2148,Northern Rockies Valleys
2166,Wallowas / Hells Canyon / Salmon River
2157,Columbia Plateau
2063,Columbia Plateau
1087,Columbia Plateau
2168,Northern Rockies Valleys
2169,Wallowas / Hells Canyon / Salmon River
2167,Columbia Plateau
2172,Northern Rockies Valleys
2173,Wallowas / Hells Canyon / Salmon River
2174,Wallowas / Hells Canyon / Salmon River
2175,Wallowas / Hells Canyon / Salmon River
2176,Wallowas / Hells Canyon / Salmon River
2179,Wallowas / Hells Canyon / Salmon River
2146,Columbia Plateau
2164,Columbia Plateau
2178,Wallowas / Hells Canyon / Salmon River
2158,
2183,Northern Rockies Valleys
1682,Upper Columbia
2184,Wallowas / Hells Canyon / Salmon River
2186,Wallowas / Hells Canyon / Salmon River
2187,Wallowas / Hells Canyon / Salmon River
2185,Wallowas / Hells Canyon / Salmon River
2190,Wallowas / Hells Canyon / Salmon River
2170,Wallowas / Hells Canyon / Salmon River
2142,Columbia Plateau
2191,Wallowas / Hells Canyon / Salmon River
2188,Wallowas / Hells Canyon / Salmon River
2154,
2194,Wallowas / Hells Canyon / Salmon River
2192,Northern Rockies Valleys
2197,Wallowas / Hells Canyon / Salmon River
2198,
2193,Wallowas / Hells Canyon / Salmon River
2195,
2201,Northern Rockies Valleys
2202,Willamette Valley
2196,Willamette Valley
2177,Wallowas / Hells Canyon / Salmon River
2206,Willamette Valley
2204,Wallowas / Hells Canyon / Salmon River
2171,Columbia Plateau
2207,Northern Rockies Valleys
2095,Northern Rockies Valleys
2203,Willamette Valley
2209,Northern Rockies Valleys
2200,Wallowas / Hells Canyon / Salmon River
2212,Columbia Plateau
2215,Columbia Plateau
2208,Columbia Plateau
2217,Columbia Plateau
2213,
1977,
2104,Columbia Plateau
2216,Northern Rockies Valleys
2224,
2219,
2222,
2227,Wallowas / Hells Canyon / Salmon River
2228,Wallowas / Hells Canyon / Salmon River
2229,Wallowas / Hells Canyon / Salmon River
2225,
2210,
2230,Wallowas / Hells Canyon / Salmon River
2234,
1780,Northern Rockies Valleys
2233,
2220,
2236,
2232,Northern Rockies Valleys
2237,Northern Rockies Valleys
2182,Northern Rockies Valleys
2238,Northern Rockies Valleys
2235,
2239,
2218,Willamette Valley
2244,
2240,
2243,
2214,
2180,Columbia Plateau
2223,Columbia Plateau
2245,
2247,
2242,
2248,
2251,
1057,
2252,
2250,
2181,
2249,
2258,
1632,Willamette Valley
2253,Northern Rockies Valleys
2264,Northern Rockies Valleys
2260,Northern Rockies Valleys
2261,Columbia Plateau
2266,Columbia Plateau
2246,Northern Rockies Valleys
2268,Columbia Plateau
2269,Columbia Plateau
2271,Columbia Plateau
2254,Northern Rockies Valleys
2205,Northern Rockies Valleys
2273,Columbia Plateau
2211,Columbia Plateau
2276,
2270,Columbia Plateau
2272,Columbia Plateau
2256,
2279,
2278,Columbia Plateau
2281,Northern Rockies Valleys
2267,Northern Rockies Valleys
2280,
2282,
2285,
2286,
2287,Wallowas / Hells Canyon / Salmon River
2288,
2289,
2290,
2293,
2295,
2296,
2297,
2298,
2284,
2291,Northern Rockies Valleys
2292,
2277,Wallowas / Hells Canyon / Salmon River
2302,
2299,
2294,
2303,
1674,
2304,Columbia River / Yakima
2306,
2307,
2309,Columbia River / Yakima
2300,
2308,
2283,Columbia River / Yakima
2314,
2312,
2313,Columbia River / Yakima
2311,Columbia River / Yakima
2315,
2275,Columbia Plateau
2274,
2319,
2316,Northern Rockies Valleys
2320,
1962,
2325,Rogue / Umpqua
2199,Northern Rockies Valleys
2326,Northern Rockies Valleys
2263,Northern Rockies Valleys
2305,Rogue / Umpqua
2324,Rogue / Umpqua
2331,Northern Rockies Valleys
2332,Northern Rockies Valleys
2301,Northern Rockies Valleys
2327,Willamette Valley
1895,Columbia River / Yakima
2333,
2073,Columbia Plateau
2343,
2344,
2345,
2346,
2340,
2338,Northern Rockies Valleys
2068,Columbia River / Yakima
2342,
2337,
2348,
2318,
2241,Northern Rockies Valleys
2334,Northern Rockies Valleys
2350,Northern Rockies Valleys
2352,Northern Rockies Valleys
2349,Northern Rockies Valleys
2328,Willamette Valley
2355,
2351,Northern Rockies Valleys
2357,Northern Rockies Valleys
2356,
2360,Rogue / Umpqua
2361,
2336,
2363,Rogue / Umpqua
2366,Rogue / Umpqua
2364,Rogue / Umpqua
2365,Rogue / Umpqua
2368,
2358,
2371,
2372,
2353,Rogue / Umpqua
2369,
2329,
2359,
2367,
2376,
2377,
2341,
2317,Northern Rockies Valleys
2384,
2385,
2265,Northern Rockies Valleys
2370,
2383,
2374,
2379,
2386,
2391,
2310,
2380,
2116,Columbia River / Yakima
2347,
2378,
1415,Columbia Plateau
2393,
2390,
2394,
2395,
2335,
2396,
2398,
2399,
2387,Rogue / Umpqua
2389,
2403,
2401,
2405,
2406,
2388,
2382,Wallowas / Hells Canyon / Salmon River
2409,
2410,
2404,
2262,
2414,
2407,
2330,
2415,
2418,
2400,
2422,Central Oregon
2397,Northern Rockies Valleys
2424,
2423,Wallowas / Hells Canyon / Salmon River
2189,Wallowas / Hells Canyon / Salmon River
2392,
2375,
2425,Northern Rockies Valleys
2429,Wallowas / Hells Canyon / Salmon River
1576,Willamette Valley
2426,
2411,
2431,Wallowas / Hells Canyon / Salmon River
2412,Wallowas / Hells Canyon / Salmon River
2417,
2435,Rogue / Umpqua
2436,
2437,
2433,Wallowas / Hells Canyon / Salmon River
2439,
2432,
2362,Central Oregon
2443,Wallowas / Hells Canyon / Salmon River
2444,Wallowas / Hells Canyon / Salmon River
2445,Rogue / Umpqua
2440,
2441,
2447,
2421,
2448,
2442,
2381,Wallowas / Hells Canyon / Salmon River
2416,Wallowas / Hells Canyon / Salmon River
2449,Wallowas / Hells Canyon / Salmon River
2451,Rogue / Umpqua
2434,Rogue / Umpqua
2453,
2454,Wallowas / Hells Canyon / Salmon River
2455,Wallowas / Hells Canyon / Salmon River
2446,
2457,
2450,Wallowas / Hells Canyon / Salmon River
2459,Northern Rockies Valleys
2460,Northern Rockies Valleys
2452,
2461,
2462,
2408,
2463,Wallowas / Hells Canyon / Salmon River
2464,Wallowas / Hells Canyon / Salmon River
2465,Northern Rockies Valleys
2321,
2323,Rogue / Umpqua
2430,
2468,
2456,Wallowas / Hells Canyon / Salmon River
2473,
2467,
2472,Northern Rockies Valleys
2469,
2458,Wallowas / Hells Canyon / Salmon River
2402,
2480,Wallowas / Hells Canyon / Salmon River
2438,
2466,Wallowas / Hells Canyon / Salmon River
2420,Wallowas / Hells Canyon / Salmon River
2485,Wallowas / Hells Canyon / Salmon River
2474,
2476,
2486,
2477,Wallowas / Hells Canyon / Salmon River
2478,Wallowas / Hells Canyon / Salmon River
2479,Wallowas / Hells Canyon / Salmon River
2481,
2419,
2488,Wallowas / Hells Canyon / Salmon River
2413,Wallowas / Hells Canyon / Salmon River
2494,Rogue / Umpqua
2491,Wallowas / Hells Canyon / Salmon River
2257,
2483,Wallowas / Hells Canyon / Salmon River
2226,Wallowas / Hells Canyon / Salmon River
2493,
2487,Central Oregon
2322,Northern Rockies Valleys
2475,Central Oregon
2500,
2427,Wallowas / Hells Canyon / Salmon River
2503,
2508,
2054,Northern Rockies Valleys
2484,Rogue / Umpqua
2490,Central Oregon
2511,Wallowas / Hells Canyon / Salmon River
2492,Wallowas / Hells Canyon / Salmon River
2512,
2513,
2507,
2514,Rogue / Umpqua
2149,
2510,Wallowas / Hells Canyon / Salmon River
2516,Wallowas / Hells Canyon / Salmon River
2504,
2373,Central Oregon
2518,
2515,
2519,
2505,Rogue / Umpqua
2521,Wallowas / Hells Canyon / Salmon River
2522,Wallowas / Hells Canyon / Salmon River
2517,Wallowas / Hells Canyon / Salmon River
2520,
2525,
2526,
2529,Wallowas / Hells Canyon / Salmon River
2532,
2527,
2533,
2471,Wallowas / Hells Canyon / Salmon River
2535,
2537,Wallowas / Hells Canyon / Salmon River
2538,
2539,
2506,
2540,
2259,Central Oregon
2497,Central Oregon
2543,
2542,
1783,Willamette Valley
2547,
2530,
2548,
2541,
2552,
2553,
2554,
2161,Wallowas / Hells Canyon / Salmon River
2495,Wallowas / Hells Canyon / Salmon River
2557,Wallowas / Hells Canyon / Salmon River
2560,
2561,
2562,Wallowas / Hells Canyon / Salmon River
2559,
2555,
2536,
2565,
2569,Wallowas / Hells Canyon / Salmon River
2570,Wallowas / Hells Canyon / Salmon River
2564,
2574,
2575,
2578,Wallowas / Hells Canyon / Salmon River
2550,Wallowas / Hells Canyon / Salmon River
2563,
2566,
2544,
2567,
2571,
2531,
2582,
2583,Wallowas / Hells Canyon / Salmon River
2577,Wallowas / Hells Canyon / Salmon River
2558,Wallowas / Hells Canyon / Salmon River
2585,
2587,Wallowas / Hells Canyon / Salmon River
2590,Wallowas / Hells Canyon / Salmon River
2591,Wallowas / Hells Canyon / Salmon River
2593,
2584,
2588,Wallowas / Hells Canyon / Salmon River
2594,Wallowas / Hells Canyon / Salmon River
2231,Northern Rockies Valleys
2595,Wallowas / Hells Canyon / Salmon River
2592,Wallowas / Hells Canyon / Salmon River
2586,
2545,
2600,Wallowas / Hells Canyon / Salmon River
2601,Wallowas / Hells Canyon / Salmon River
2499,Wallowas / Hells Canyon / Salmon River
2596,Wallowas / Hells Canyon / Salmon River
2603,Wallowas / Hells Canyon / Salmon River
2572,Rogue / Umpqua
2549,Wallowas / Hells Canyon / Salmon River
2606,Wallowas / Hells Canyon / Salmon River
2607,Wallowas / Hells Canyon / Salmon River
2608,Wallowas / Hells Canyon / Salmon River
2609,Wallowas / Hells Canyon / Salmon River
2610,Wallowas / Hells Canyon / Salmon River
2611,Wallowas / Hells Canyon / Salmon River
2604,Wallowas / Hells Canyon / Salmon River
2597,
2616,Wallowas / Hells Canyon / Salmon River
2617,Wallowas / Hells Canyon / Salmon River
2602,Wallowas / Hells Canyon / Salmon River
2618,Wallowas / Hells Canyon / Salmon River
2620,
2579,
2621,
2581,
2613,
2509,
2354,
2624,Wallowas / Hells Canyon / Salmon River
2625,Wallowas / Hells Canyon / Salmon River
2626,Wallowas / Hells Canyon / Salmon River
2623,
2627,Wallowas / Hells Canyon / Salmon River
2619,
2630,
2614,
2631,Wallowas / Hells Canyon / Salmon River
2633,Wallowas / Hells Canyon / Salmon River
2634,Wallowas / Hells Canyon / Salmon River
2498,Wallowas / Hells Canyon / Salmon River
2622,
2221,
2635,
2546,Wallowas / Hells Canyon / Salmon River
2638,Wallowas / Hells Canyon / Salmon River
2640,Wallowas / Hells Canyon / Salmon River
2643,
2644,
2636,
2629,
2556,
2645,
2646,Wallowas / Hells Canyon / Salmon River
2641,
2647,Rogue / Umpqua
2648,
2649,
2650,
2651,
2652,Wallowas / Hells Canyon / Salmon River
2653,Rogue / Umpqua
2654,
2502,Wallowas / Hells Canyon / Salmon River
2528,Wallowas / Hells Canyon / Salmon River
2523,Wallowas / Hells Canyon / Salmon River
2656,
2637,
2580,
2568,
2664,
2657,Wallowas / Hells Canyon / Salmon River
2639,Wallowas / Hells Canyon / Salmon River
2659,
2655,
2428,Wallowas / Hells Canyon / Salmon River
2666,Wallowas / Hells Canyon / Salmon River
2668,North Coast / Klamath
2672,Wallowas / Hells Canyon / Salmon River
2673,North Coast / Klamath
2676,
2669,
2667,North Coast / Klamath
2677,North Coast / Klamath
2678,
2628,
2671,Wallowas / Hells Canyon / Salmon River
2680,Salmon River Mountains
2663,Salmon River Mountains
2681,Salmon River Mountains
2682,
2576,
2670,Wallowas / Hells Canyon / Salmon River
2658,Wallowas / Hells Canyon / Salmon River
2661,
2683,Salmon River Mountains
2684,
2660,Salmon River Mountains
2615,
2687,Salmon River Mountains
2685,Salmon River Mountains
2688,Salmon River Mountains
2573,
2690,Salmon River Mountains
2691,
2689,Wallowas / Hells Canyon / Salmon River
2675,Wallowas / Hells Canyon / Salmon River
2695,
2686,Salmon River Mountains
2693,Salmon River Mountains
2697,
2700,Wallowas / Hells Canyon / Salmon River
2694,
2702,Salmon River Mountains
2703,Salmon River Mountains
2701,Salmon River Mountains
2708,Salmon River Mountains
2642,
2709,
2710,
2699,Wallowas / Hells Canyon / Salmon River
2713,Wallowas / Hells Canyon / Salmon River
2714,Salmon River Mountains
2704,
2715,
2717,Salmon River Mountains
2698,Salmon River Mountains
2712,Central Oregon
2692,Wallowas / Hells Canyon / Salmon River
2718,Salmon River Mountains
2720,Salmon River Mountains
2723,Salmon River Mountains
2598,
2589,Wallowas / Hells Canyon / Salmon River
2706,Wallowas / Hells Canyon / Salmon River
2716,Wallowas / Hells Canyon / Salmon River
2501,Wallowas / Hells Canyon / Salmon River
2696,
2674,
2727,
2665,Wallowas / Hells Canyon / Salmon River
2730,Salmon River Mountains
2721,Salmon River Mountains
2719,
2705,
2731,
2732,
2725,Salmon River Mountains
2729,Wallowas / Hells Canyon / Salmon River
2736,
2737,
2738,
2739,
2740,
2734,
2741,
2726,
2742,
2743,
2728,
2735,Salmon River Mountains
2744,
2745,
2746,Salmon River Mountains
2733,Salmon River Mountains
2749,
2750,
2747,Salmon River Mountains
2751,
2754,
2470,
2756,Salmon River Mountains
2748,
2758,
2760,Wallowas / Hells Canyon / Salmon River
2762,
2755,
2764,Wallowas / Hells Canyon / Salmon River
2753,
2763,
2769,Rogue / Umpqua
2770,
2768,Salmon River Mountains
2761,Salmon River Mountains
2771,Salmon River Mountains
2773,Rogue / Umpqua
2774,
2759,
2765,Wallowas / Hells Canyon / Salmon River
2776,
2778,Rogue / Umpqua
2757,
2779,Wallowas / Hells Canyon / Salmon River
2777,Salmon River Mountains
2599,Wallowas / Hells Canyon / Salmon River
2662,Wallowas / Hells Canyon / Salmon River
2782,Wallowas / Hells Canyon / Salmon River
2784,
2752,
2489,Central Oregon
2790,Rogue / Umpqua
2767,Rogue / Umpqua
2786,Rogue / Umpqua
2788,
2791,
2792,
2793,Wallowas / Hells Canyon / Salmon River
2794,Rogue / Umpqua
2795,Rogue / Umpqua
2797,
2799,
2800,
2789,
2805,Lower Snake River Valley
2806,Wallowas / Hells Canyon / Salmon River
2798,
2787,
2796,Rogue / Umpqua
2809,Lower Snake River Valley
2496,Wallowas / Hells Canyon / Salmon River
2810,Rogue / Umpqua
2808,
2801,
2811,
2812,
2813,Lower Snake River Valley
2807,
2781,
2814,Lower Snake River Valley
2815,
2772,North Coast / Klamath
2816,
2819,North Coast / Klamath
2785,Lower Snake River Valley
2820,Rogue / Umpqua
2822,Lower Snake River Valley
2825,Lower Snake River Valley
2766,Rogue / Umpqua
2826,Salmon River Mountains
2722,Salmon River Mountains
2724,North Coast / Klamath
2817,North Coast / Klamath
2831,
2829,Lower Snake River Valley
2833,Lower Snake River Valley
2834,
2828,
2832,Lower Snake River Valley
2837,Lower Snake River Valley
2838,Salmon River Mountains
2840,
2841,Wallowas / Hells Canyon / Salmon River
2844,Lower Snake River Valley
2845,Salmon River Mountains
2821,
2850,Lower Snake River Valley
2482,
2847,
2835,
2851,Wallowas / Hells Canyon / Salmon River
2852,Wallowas / Hells Canyon / Salmon River
2843,Lower Snake River Valley
2854,Rogue / Umpqua
2842,Wallowas / Hells Canyon / Salmon River
2853,Salmon River Mountains
2857,
2849,Salmon River Mountains
2827,Salmon River Mountains
2859,Salmon River Mountains
2860,
2839,Salmon River Mountains
2866,Lower Snake River Valley
2858,Lower Snake River Valley
2855,North Coast / Klamath
2867,Rogue / Umpqua
2863,North Coast / Klamath
2868,North Coast / Klamath
2864,North Coast / Klamath
2339,Wallowas / Hells Canyon / Salmon River
2865,Lower Snake River Valley
2862,Salmon River Mountains
2869,Salmon River Mountains
2870,Salmon River Mountains
2871,Salmon River Mountains
2823,
2872,Salmon River Mountains
2875,Wallowas / Hells Canyon / Salmon River
2876,Salmon River Mountains
2878,Wallowas / Hells Canyon / Salmon River
2879,Wallowas / Hells Canyon / Salmon River
2873,Salmon River Mountains
2881,
2874,Rogue / Umpqua
2882,
2880,Salmon River Mountains
2255,Rogue / Umpqua
2679,
2885,Salmon River Mountains
2889,
2848,Wallowas / Hells Canyon / Salmon River
2893,
2883,Rogue / Umpqua
2886,Salmon River Mountains
2891,Salmon River Mountains
2836,Wallowas / Hells Canyon / Salmon River
2894,Wallowas / Hells Canyon / Salmon River
2534,
2899,Wallowas / Hells Canyon / Salmon River
2900,
2901,Lower Snake River Valley
2896,
2888,
2904,
2905,
2908,
2911,Lower Snake River Valley
2605,Salmon River Mountains
2887,
2856,Rogue / Umpqua
2907,
2914,
2915,
2895,
2918,
2909,
2919,
2912,
2921,
2922,
2923,
2924,
2632,Wallowas / Hells Canyon / Salmon River
2926,
2927,
2928,
2925,
2930,
2931,
2934,
2916,Salmon River Mountains
2929,
2936,
2935,
2939,
2910,
2941,
2937,
2932,
2890,Salmon River Mountains
2938,
2830,
2942,
2943,
2903,
2933,
2947,
2948,Lower Snake River Valley
2949,Lower Snake River Valley
2952,
2940,
2950,
2953,
2945,Lower Snake River Valley
2951,SE Oregon / Alvord
2946,
2959,
2960,
2961,
2955,
2958,
2963,
2956,Salmon River Mountains
2944,
2964,
2967,
2711,
2884,
2969,
2976,
2975,
2977,
2913,
2973,
2978,
2979,SE Oregon / Alvord
2803,Lower Snake River Valley
2980,Salmon River Mountains
2983,SE Oregon / Alvord
2985,Salmon River Mountains
2986,Salmon River Mountains
2987,
2988,Salmon River Mountains
2982,SE Oregon / Alvord
2957,
2920,Lower Snake River Valley
2992,
2993,SE Oregon / Alvord
2994,
2962,Salmon River Mountains
2997,
2995,SE Oregon / Alvord
2998,
3000,Salmon River Mountains
2990,
2612,
2877,Upper Klamath / Modoc Plateau
3001,
3002,Upper Klamath / Modoc Plateau
2984,SE Oregon / Alvord
3003,
2968,North Coast / Klamath
2846,
3005,Upper Klamath / Modoc Plateau
2999,Salmon River Mountains
2780,Salmon River Mountains
2707,Wallowas / Hells Canyon / Salmon River
2981,SE Oregon / Alvord
3008,
2902,Salmon River Mountains
2996,Upper Snake River Valley
2524,Salmon River Mountains
3010,
3012,
3014,
3011,Upper Klamath / Modoc Plateau
3015,
3013,Upper Klamath / Modoc Plateau
3017,
3020,SE Oregon / Alvord
3018,Salmon River Mountains
3022,Salmon River Mountains
3007,Salmon River Mountains
3023,SE Oregon / Alvord
2818,
2802,
3026,
3027,
3024,Upper Klamath / Modoc Plateau
2898,SE Oregon / Alvord
3028,
3009,Salmon River Mountains
3031,SE Oregon / Alvord
3032,Snake River Plateau
3035,SE Oregon / Alvord
3037,SE Oregon / Alvord
3036,SE Oregon / Alvord
3038,Snake River Plateau
3039,Snake River Plateau
2804,Lower Snake River Valley
3040,Snake River Plateau
3025,Upper Snake River Valley
2897,
3042,Salmon River Mountains
3047,
2775,SE Oregon / Alvord
3051,Snake River Plateau
3052,
3030,Upper Klamath / Modoc Plateau
3049,Salmon River Mountains
3043,Upper Snake River Valley
3046,Upper Klamath / Modoc Plateau
3048,Upper Klamath / Modoc Plateau
3055,
3053,
3050,Upper Klamath / Modoc Plateau
3045,Upper Klamath / Modoc Plateau
3059,
3060,SE Oregon / Alvord
3062,Upper Klamath / Modoc Plateau
3034,SE Oregon / Alvord
3063,SE Oregon / Alvord
2991,Salmon River Mountains
3061,
3066,Salmon River Mountains
3067,Snake River Plateau
3065,Salmon River Mountains
3070,Snake River Plateau
3071,Upper Klamath / Modoc Plateau
3069,Upper Klamath / Modoc Plateau
3073,Snake River Plateau
3076,Salmon River Mountains
3074,Salmon River Mountains
3029,Salmon River Mountains
3075,Lower Snake River Valley
3077,Snake River Plateau
3054,
3078,Salmon River Mountains
3064,Salmon River Mountains
2783,Salmon River Mountains
3081,Upper Klamath / Modoc Plateau
2974,Upper Klamath / Modoc Plateau
3082,Upper Klamath / Modoc Plateau
3068,Upper Klamath / Modoc Plateau
3084,
2892,Snake River Plateau
3080,Upper Klamath / Modoc Plateau
3086,Upper Klamath / Modoc Plateau
3083,Upper Klamath / Modoc Plateau
3088,Snake River Plateau
3089,Upper Klamath / Modoc Plateau
3090,Snake River Plateau
3079,Upper Klamath / Modoc Plateau
3085,Upper Klamath / Modoc Plateau
3093,Snake River Plateau
3096,Snake River Plateau
3087,
3092,Upper Klamath / Modoc Plateau
3101,
3006,Upper Klamath / Modoc Plateau
3100,Upper Klamath / Modoc Plateau
3099,
3098,Snake River Plateau
3033,Snake River Plateau
3004,Salmon River Mountains
3107,
3104,Upper Klamath / Modoc Plateau
3109,Snake River Plateau
3110,
3111,Upper Klamath / Modoc Plateau
3115,Upper Klamath / Modoc Plateau
3117,Lower Snake River Valley
3119,Lower Snake River Valley
3121,
2824,Lower Snake River Valley
3124,Lower Snake River Valley
3125,
3122,SE Oregon / Alvord
3123,Lower Snake River Valley
3128,SE Oregon / Alvord
3126,
3113,
3118,Lower Snake River Valley
3130,
3127,SE Oregon / Alvord
3058,SE Oregon / Alvord
3131,Upper Snake River Valley
3133,Upper Klamath / Modoc Plateau
3134,Upper Snake River Valley
3057,Salmon River Mountains
3106,Upper Klamath / Modoc Plateau
3129,SE Oregon / Alvord
3137,
2989,Snake River Plateau
3135,SE Oregon / Alvord
3136,SE Oregon / Alvord
3138,SE Oregon / Alvord
2972,Upper Klamath / Modoc Plateau
3132,Upper Klamath / Modoc Plateau
3140,Upper Klamath / Modoc Plateau
3095,Upper Klamath / Modoc Plateau
3141,
3142,
3143,
3094,Snake River Plateau
3145,Upper Klamath / Modoc Plateau
3097,Upper Snake River Valley
3144,
3147,
3150,
3151,
3153,
3146,Upper Klamath / Modoc Plateau
3108,Upper Klamath / Modoc Plateau
3154,
3116,Lower Snake River Valley
2970,Upper Snake River Valley
3156,Lower Snake River Valley
3149,Snake River Plateau
3158,Snake River Plateau
3155,Lower Snake River Valley
3160,Snake River Plateau
3162,
3159,Upper Klamath / Modoc Plateau
3152,
3161,
3056,Upper Klamath / Modoc Plateau
3166,Snake River Plateau
2861,Lower Snake River Valley
3164,
3168,
3157,Snake River Plateau
3167,Upper Klamath / Modoc Plateau
3170,Upper Klamath / Modoc Plateau
3173,
3171,Upper Klamath / Modoc Plateau
3174,
3176,Upper Klamath / Modoc Plateau
3177,
3172,
3179,
3181,Snake River Plateau
3184,Snake River Plateau
3165,Snake River Plateau
3185,
3182,
3180,
3188,
3190,Snake River Plateau
3192,
3175,
3114,Upper Klamath / Modoc Plateau
3193,
3195,
3139,Snake River Plateau
3199,
3200,Snake River Plateau
3194,
3202,
3203,
3205,Upper Klamath / Modoc Plateau
3163,Snake River Plateau
3191,
3206,
3208,
3209,
2954,
3211,Snake River Plateau
3189,Snake River Plateau
3212,
3196,
3207,
3213,
3214,
3021,SE Oregon / Alvord
3217,
3215,
3210,
3220,
3224,
3225,
3197,Upper Klamath / Modoc Plateau
3226,
3228,
3230,
3233,
3227,
3234,
3103,Upper Klamath / Modoc Plateau
3102,Upper Klamath / Modoc Plateau
3236,
3237,
3229,Snake River Plateau
3016,
3186,
3231,Snake River Plateau
3240,Snake River Plateau
3241,
3242,Snake River Plateau
3239,
3178,
3244,Snake River Plateau
3245,
3247,Lower Snake River Valley
3041,Upper Snake River Valley
3249,Upper Klamath / Modoc Plateau
3250,
3251,
3246,Lower Snake River Valley
3252,Lower Snake River Valley
3221,Upper Klamath / Modoc Plateau
3235,Upper Klamath / Modoc Plateau
3254,Lower Snake River Valley
3253,Lower Snake River Valley
2965,Lower Snake River Valley
3232,Snake River Plateau
3256,
3201,
3259,
3260,
3219,
3248,
3243,Snake River Plateau
3238,Snake River Plateau
3258,Snake River Plateau
3169,
3261,
3263,
2906,Upper Klamath / Modoc Plateau
3183,Upper Snake River Valley
3262,
3187,SE Oregon / Alvord
3266,SE Oregon / Alvord
3265,
3270,North Coast / Klamath
3268,North Coast / Klamath
3277,
3272,
3278,SE Oregon / Alvord
3279,
3271,
3273,
3257,SE Oregon / Alvord
3280,Snake River Plateau
3282,
3281,
3276,
3284,
3285,
3283,Upper Klamath / Modoc Plateau
3275,North Coast / Klamath
3288,
3289,SE Oregon / Alvord
3290,
3274,Upper Klamath / Modoc Plateau
3291,SE Oregon / Alvord
3286,
3292,
3293,Upper Klamath / Modoc Plateau
3294,SE Oregon / Alvord
3267,Snake River Plateau
3296,
3299,Upper Klamath / Modoc Plateau
3303,Snake River Plateau
3304,Snake River Plateau
3091,
3300,Upper Klamath / Modoc Plateau
3301,Upper Klamath / Modoc Plateau
3306,Snake River Plateau
3307,Snake River Plateau
3287,Snake River Plateau
3309,
3305,Upper Klamath / Modoc Plateau
3297,
3310,Upper Klamath / Modoc Plateau
3311,Upper Klamath / Modoc Plateau
3313,Snake River Plateau
3308,
3316,Upper Klamath / Modoc Plateau
3314,
3319,
3322,Snake River Plateau
3318,
3323,Upper Klamath / Modoc Plateau
3317,Upper Klamath / Modoc Plateau
3222,Snake River Plateau
3321,Snake River Plateau
3327,Snake River Plateau
3329,Snake River Plateau
3331,Snake River Plateau
3332,
3326,Snake River Plateau
3334,Snake River Plateau
3335,
3330,Upper Klamath / Modoc Plateau
3338,Snake River Plateau
3324,SE Oregon / Alvord
3341,Snake River Plateau
3255,Snake River Plateau
3339,
3342,
3343,Snake River Plateau
3336,Snake River Plateau
3346,
3347,
3348,
3333,
3349,Upper Klamath / Modoc Plateau
3352,
3353,
3355,Upper Klamath / Modoc Plateau
3312,Upper Klamath / Modoc Plateau
3344,Snake River Plateau
3357,
3350,Snake River Plateau
3364,Snake River Plateau
3223,North Coast
3360,Upper Klamath / Modoc Plateau
3361,Upper Klamath / Modoc Plateau
3363,
3295,Snake River Plateau
3351,
3362,
3369,
3370,Snake River Plateau
3105,Snake River Plateau
3374,Snake River Plateau
3372,Snake River Plateau
3359,Northern Sierra Valleys
3354,Upper Klamath / Modoc Plateau
3373,SE Oregon / Alvord
3376,Snake River Plateau
3328,Snake River Plateau
3375,
3367,
3377,Snake River Plateau
3345,Snake River Plateau
3366,
3358,
3378,Upper Klamath / Modoc Plateau
3325,SE Oregon / Alvord
3382,Snake River Plateau
3379,North Coast / Klamath
3384,
3385,Upper Klamath / Modoc Plateau
3386,Upper Klamath / Modoc Plateau
3368,Upper Klamath / Modoc Plateau
3380,North Coast / Klamath
3388,
3389,
3340,Northern Sierra Valleys
3391,Upper Klamath / Modoc Plateau
3392,Snake River Plateau
3387,
3394,Upper Klamath / Modoc Plateau
3396,Snake River Plateau
3397,Snake River Plateau
3393,Snake River Plateau
3395,Upper Klamath / Modoc Plateau
3356,SE Oregon / Alvord
3398,Snake River Plateau
3218,Upper Snake River Valley
3383,
3337,Snake River Plateau
3402,
3403,
3404,SE Oregon / Alvord
3405,Snake River Plateau
3401,Snake River Plateau
2971,Snake River Plateau
3406,North Coast / Klamath
3408,SE Oregon / Alvord
2917,Snake River Plateau
3407,
3400,Snake River Plateau
3365,Snake River Plateau
3409,
3412,Upper Klamath / Modoc Plateau
3411,
3415,
3414,
3417,Upper Snake River Valley
3381,Snake River Plateau
3044,
3315,
3418,Snake River Plateau
3264,
3302,Snake River Plateau
3399,Snake River Plateau
3072,Snake River Plateau
3423,
3427,
3420,
3429,Upper Klamath / Modoc Plateau
3425,Snake River Plateau
3433,
3416,SE Oregon / Alvord
2966,Snake River Plateau
3431,
3432,
3434,Snake River Plateau
3435,Snake River Plateau
3436,
3428,SE Oregon / Alvord
3437,
3422,Snake River Plateau
3439,Snake River Plateau
3440,Snake River Plateau
3419,
3441,
3390,Upper Klamath / Modoc Plateau
3426,
3410,
3448,
3450,
3451,
3443,Snake River Plateau
3452,
3430,
3453,
3454,North Valley Foothills
3120,Upper Snake River Valley
3455,Snake River Plateau
3269,
3449,
3424,Snake River Plateau
3445,Western Valley / Lake Basin
3457,Western Valley / Lake Basin
3421,
3460,Upper Klamath / Modoc Plateau
3469,
3465,North Coast / Klamath
3466,North Coast / Klamath
3461,North Coast / Klamath
3470,North Valley Foothills
3471,North Coast / Klamath
3467,North Coast / Klamath
3472,North Coast / Klamath
3474,Western Valley / Lake Basin
3459,Western Valley / Lake Basin
3458,
3475,North Coast / Klamath
3476,Western Valley / Lake Basin
3462,
3478,North Coast / Klamath
3480,
3477,Upper Klamath / Modoc Plateau
3481,
3483,Snake River Plateau
3413,Snake River Plateau
3148,Upper Klamath / Modoc Plateau
3482,
3488,
3489,
3490,Snake River Plateau
3492,
3486,
3487,
3493,
3495,
2551,North Coast / Klamath
3479,North Coast / Klamath
3499,
3500,
3496,Snake River Plateau
3501,
3502,
3463,Snake River Plateau
3498,
3494,
3473,Western Valley / Lake Basin
3503,Western Valley / Lake Basin
3504,
3505,
3506,
3019,SE Oregon / Alvord
3497,
3508,
3438,
3507,
3510,
3511,
3514,
3515,
3516,
3509,
3518,North Valley Foothills
3519,
3517,Upper Klamath / Modoc Plateau
3522,Upper Klamath / Modoc Plateau
3520,
3371,Snake River Plateau
3491,
3521,
3525,North Valley Foothills
3526,Upper Russian / Round Valley
3512,
3527,
3528,
3529,
3530,
3534,
3532,
3537,
3485,
3524,
3536,
3541,
3540,
3542,Western Valley / Lake Basin
3533,
3546,
3547,
3552,
3553,
3555,
3538,
3549,Western Valley / Lake Basin
3550,Western Valley / Lake Basin
3556,Northern Sierra Valleys
3544,Northern Sierra Valleys
3545,Northern Sierra Valleys
3557,
3551,
3554,
3548,
3560,Upper Klamath / Modoc Plateau
3561,
3559,Northern Sierra Valleys
3562,Upper Klamath / Modoc Plateau
3558,
3563,
3198,Upper Klamath / Modoc Plateau
3539,
3565,
3535,
3446,Western Valley / Lake Basin
3568,Northern Sierra Valleys
3112,
3566,
3564,Upper Klamath / Modoc Plateau
3543,Western Valley / Lake Basin
3571,
3570,Western Valley / Lake Basin
3569,Northern Sierra Valleys
3572,
3576,
3442,Western Valley / Lake Basin
3577,
3579,
3580,Western Valley / Lake Basin
3581,North Valley Foothills
3583,Northern Sierra Valleys
3584,
3587,North Valley Foothills
3582,North Valley Foothills
3573,
3588,Northern Sierra Valleys
3589,North Valley Foothills
3590,North Valley Foothills
3591,
3567,Western Valley / Lake Basin
3593,
3444,North Valley Foothills
3594,Upper Klamath / Modoc Plateau
3595,
3592,
3578,Western Valley / Lake Basin
3574,Northern Sierra Valleys
3599,
3598,Western Valley / Lake Basin
3600,
3601,
3605,
3606,
3603,Northern Sierra Valleys
3607,
3608,
3513,
3610,
3604,
3609,
3611,
3456,
3613,
3615,
3614,
3596,
3619,Western Valley / Lake Basin
3617,
3618,
3597,Northern San Juoquin Valley
3531,
3612,
3622,
3616,
3624,
3626,Upper Russian / Round Valley
3298,North Coast
3627,
3628,
3620,
3630,
3632,
3631,
3635,
3633,Northern San Juoquin Valley
3637,Northern San Juoquin Valley
3204,Northern Sierra Valleys
3636,Northern San Juoquin Valley
3629,
3642,Northern San Juoquin Valley
3640,Northern San Juoquin Valley
3643,Northern San Juoquin Valley
3639,
3645,
3216,
3646,
3647,
3648,
3650,North Valley Foothills
3651,
3652,
3653,
3654,North Valley Foothills
3655,
3634,
3656,
3657,
3658,
3586,North Valley Foothills
3661,
3659,North Valley Foothills
3660,
3664,North Valley Foothills
3666,
3667,
3669,North Valley Foothills
3665,North Valley Foothills
3668,North Valley Foothills
3484,
3675,
3676,
3641,
3677,
3678,
3662,
3681,
3670,North Valley Foothills
3682,
3671,North Valley Foothills
3679,
3638,Northern San Juoquin Valley
3685,Northern San Juoquin Valley
3320,North Valley Foothills
3523,Northern Sierra Valleys
3680,
3673,
3688,Upper Russian / Round Valley
3674,
3689,
3690,
3692,
3693,
3694,
3691,Western Valley / Lake Basin
3697,
3698,
3699,
3704,
3464,Upper Russian / Round Valley
3703,
3644,
3686,Western Valley / Lake Basin
3701,
3707,
3705,
3708,
3710,Western Valley / Lake Basin
3711,
3712,North Bay Valleys / Delta
3713,North Bay Valleys / Delta
3715,North Bay Valleys / Delta
3716,North Bay Valleys / Delta
3663,
3719,Northern San Juoquin Valley
3696,
3720,
3721,
3702,Northern San Juoquin Valley
3718,Northern San Juoquin Valley
3725,
3726,
3625,Upper Russian / Round Valley
3727,North Bay Valleys / Delta
3724,Western Valley / Lake Basin
3717,Western Valley / Lake Basin
3722,Northern San Juoquin Valley
3728,
3706,
3729,
3714,Northern San Juoquin Valley
3731,
3733,North Bay Valleys / Delta
3732,
3735,North Valley Foothills
3734,
3736,North Bay Valleys / Delta
3730,
3738,
3737,
3739,
3741,
3621,Northern San Juoquin Valley
3740,
3687,Western Valley / Lake Basin
3745,
3723,North Valley Foothills
3743,Northern San Juoquin Valley
3746,
3744,
3748,
3749,
3747,
3751,
3742,Northern San Juoquin Valley
3752,
3753,
3575,North Coast
3755,
3756,
3757,North Bay Valleys / Delta
3754,North Bay Valleys / Delta
3760,North Bay Valleys / Delta
3761,North Bay Valleys / Delta
3468,Northern San Juoquin Valley
3763,North Bay Valleys / Delta
3602,Northern San Juoquin Valley
3750,
3764,
3762,North Bay Valleys / Delta
3759,North Bay Valleys / Delta
3766,North Bay Valleys / Delta
3767,
3768,
3765,North Bay Valleys / Delta
3709,
3773,North Bay Valleys / Delta
3771,North Bay Valleys / Delta
3776,
3769,
3779,North Bay Valleys / Delta
3780,North Bay Valleys / Delta
3700,
3783,North Bay Valleys / Delta
3770,North Bay Valleys / Delta
3787,
3774,North Bay Valleys / Delta
3785,
3786,
3788,North Bay Valleys / Delta
3775,
3790,North Bay Valleys / Delta
3782,North Bay Valleys / Delta
3447,Northern Sierra Valleys
3781,
3792,
3794,
3791,
3649,North Bay Valleys / Delta
3795,
3798,
3799,
3585,Western Valley / Lake Basin
3800,
3797,North Bay Valleys / Delta
3777,
3801,
3802,North Bay Valleys / Delta
3805,North Bay Valleys / Delta
3806,
3807,
3803,San Francisco Bay
3796,
3810,
3811,
3813,
3772,
3812,
3814,
3815,
3816,
3817,
3818,North Valley Foothills
3819,
3820,
3821,
3824,
3829,San Francisco Bay
3793,
3830,
3828,San Francisco Bay
3826,
3822,Southern Sierra Valleys
3831,
3827,Southern Sierra Valleys
3834,
3832,Central Valley Foothills
3835,
3837,
3839,Central Valley Foothills
3672,North Valley Foothills
3840,
3841,Central Valley Foothills
3842,Central Valley Foothills
3823,Central Valley
3843,Central Valley Foothills
3844,Central Valley Foothills
3836,Central Valley Foothills
3845,
3778,
3846,Central Valley Foothills
3848,
3855,San Francisco Bay
3856,Central Valley Foothills
3853,
3854,San Francisco Bay
3851,
3852,San Francisco Bay
3850,
3859,
3858,
3838,Central Valley Foothills
3860,San Francisco Bay
3861,Diablo Range
3863,Diablo Range
3857,Central Valley
3867,Diablo Range
3870,Diablo Range
3865,
3869,Diablo Range
3868,Diablo Range
3864,Diablo Range
3871,
3872,
3873,
3874,
3875,Diablo Range
3876,
3878,
3877,
3879,Southern Sierra Valleys
3866,Diablo Range
3833,
3883,
3825,
3886,South Bay
3889,
3881,
3890,
3893,
3623,
3895,
3894,
3896,Central Valley Foothills
3784,North Bay Valleys / Delta
3900,
3898,
3902,Central Valley
3695,Central Valley
3904,Central Valley
3849,Diablo Range
3905,Central Valley
3789,San Francisco Bay
3906,Diablo Range
3907,Central Valley
3899,Southern Sierra Valleys
3897,Diablo Range
3903,Central Valley
3901,Diablo Range
3908,Central Valley
3911,Southern Sierra Valleys
3888,
3915,Southern Sierra Valleys
3913,South Bay
3914,South Bay
3912,South Bay
3918,South Bay
3920,Southern Sierra Valleys
3922,
3919,
3921,South Bay
3884,Southern Sierra Valleys
3926,
3847,Central Valley Foothills
3808,Diablo Range
3924,Southern Sierra Valleys
3927,
3934,Southern Sierra Valleys
3917,South Bay
3932,Southern Sierra Valleys
3933,Southern Sierra Valleys
3931,Central Valley
3936,Southern Sierra Valleys
3935,Southern Sierra Valleys
3939,Southern Sierra Valleys
3940,Southern Sierra Valleys
3938,Southern Sierra Valleys
3943,Southern Sierra Valleys
3937,Southern Sierra Valleys
3945,Southern San Juoquin Foothills
3944,South Bay
3946,
3949,
3947,South Bay
3950,
3951,
3953,Central Coast
3955,
3956,
3957,
3930,Central Coast
3909,Central Coast
3948,Central Valley
3891,South Bay
3758,Central Valley Foothills
3958,
3959,
3929,Central Coast
3910,
3964,Central Coast
3966,Southern San Juoquin Foothills
3684,Central Valley Foothills
3965,Central Valley
3963,
3961,
3968,Central Coast
3971,
3972,
3962,
3974,Central Valley
3973,Central Coast
3975,Central Coast
3978,Central Coast
3969,Central Valley
3976,Central Valley
3683,Central Valley
3981,Central Coast
3980,Central Valley
3984,Diablo Range
3986,Diablo Range
3942,Southern San Juoquin
3983,Central Coast
3985,Diablo Range
3988,Diablo Range
3993,Diablo Range
3992,
3995,Central Coast
3996,Diablo Range
3970,Southern San Juoquin Foothills
3997,
3892,South Bay
3989,Diablo Range
3998,Coastal Valleys and Foothills
3999,Diablo Range
4000,Coastal Valleys and Foothills
3804,Central Valley
3977,Southern San Juoquin Foothills
4002,Coastal Valleys and Foothills
4003,Coastal Valleys and Foothills
3987,Southern San Juoquin
4005,
4008,Diablo Range
4012,Coastal Valleys and Foothills
4007,Coastal Valleys and Foothills
4010,Coastal Valleys and Foothills
4013,Southern San Juoquin Foothills
4015,Coastal Valleys and Foothills
4016,Southern San Juoquin Foothills
4017,Coastal Valleys and Foothills
4018,Southern San Juoquin Foothills
3916,Southern San Juoquin Foothills
4019,Coastal Valleys and Foothills
4020,Southern San Juoquin Foothills
4004,Coastal Valleys and Foothills
4022,Southern San Juoquin Foothills
4023,Southern San Juoquin Foothills
4026,Southern San Juoquin Foothills
4025,Central Coast
4027,Central Coast
4029,Southern San Juoquin Foothills
3952,Central Coast
4031,Southern San Juoquin Foothills
3990,
4032,
4030,Central Coast
4028,Coastal Valleys and Foothills
4033,
4037,Central Coast
4014,Coastal Valleys and Foothills
4041,Central Coast
4039,Southern San Juoquin Foothills
4044,Central Coast
3954,Central Coast
4024,Southern San Juoquin Foothills
4042,
4035,
4043,
4045,
4049,Diablo Range
4047,Southern San Juoquin Foothills
4051,Diablo Range
4034,Diablo Range
4053,Southern San Juoquin Foothills
4048,
4036,
4040,
3923,Diablo Range
3979,Coastal Valleys and Foothills
4056,
4061,
4062,Southern Sierra Valleys
4057,Coastal Valleys and Foothills
4058,Coastal Valleys and Foothills
4064,Coastal Valleys and Foothills
4055,Southern San Juoquin Foothills
4066,
3991,Central Coast
4038,Coastal Valleys and Foothills
4009,
4068,Coastal Valleys and Foothills
4070,Coastal Valleys and Foothills
4065,
4072,
4074,
4071,
4075,
4060,Coastal Valleys and Foothills
4069,
4078,
4073,Central Coast
3809,Southern Sierra Valleys
4079,
4080,
4052,
4076,
4081,
4059,Coastal Valleys and Foothills
4083,
4085,
4086,
4084,
4087,
4082,Coastal Valleys and Foothills
4088,
4021,
4090,
4046,
4089,
4093,
4091,Coastal Valleys and Foothills
4063,Coastal Valleys and Foothills
4092,
4094,Central Coast
4098,Central Coast
4096,
4099,
4101,
4050,Central Coast
4102,
4104,
4108,
4110,
4111,
4067,Central Coast
4107,
4112,
4113,
4114,
4116,
4117,
4118,
4119,
4120,
4121,
4122,
4123,
4097,
4124,
4126,
4077,
4127,
4105,
4106,
4128,
4100,
4130,
4109,
4131,
4125,
4132,
4134,Coastal Valleys and Foothills
4095,Coastal Valleys and Foothills
4135,
4136,
3885,Southern Sierra Valleys
4137,
4133,
4139,
4143,
4138,
4145,
4140,Coastal Valleys and Foothills
4147,Coastal Valleys and Foothills
4148,Coastal Valleys and Foothills
4141,Coastal Valleys and Foothills
4149,Coastal Valleys and Foothills
4144,Coastal Valleys and Foothills
4054,Southern San Juoquin Foothills
4142,Southern San Juoquin Foothills
4150,
4151,
4152,
4129,
4153,
4155,
4146,
4115,
4156,
4158,
4159,
4160,
3862,
4161,
4164,
4165,Coastal Valleys and Foothills
4166,Coastal Valleys and Foothills
4162,
4154,
4169,
4163,
4172,
4103,
4167,
4171,
4168,Coastal Valleys and Foothills
4001,Southern San Juoquin Foothills
4176,
4157,
3880,Southern Sierra Valleys
4173,
4177,
3982,Southern San Juoquin
4170,
4179,
4182,
4180,
4183,
4184,
4189,
4186,
4174,
4190,
4192,
4195,
4187,
4193,
4194,
4196,
4191,
4199,
4198,
4201,
4204,Coastal Valleys and Foothills
4206,
4202,
4203,
4178,
4205,
4207,
4188,
4212,
4210,
4214,
4200,
4213,
4211,
4216,
4218,
4219,
4220,
4221,
4226,
4228,
4175,
4222,
4229,
4230,
4231,
4232,
4234,
4227,
4236,
4233,
4185,
4217,
4238,
4239,
4240,
4235,
4241,
4242,
4006,Coastal Valleys and Foothills
4245,
4246,
4247,
4248,
4249,
4250,
4243,
4251,
4252,
4253,
4254,
4255,
4215,
4258,
4224,
4256,
4257,
4244,
4259,
4260,
4261,
4262,
4263,
4266,
4264,
4265,
4269,
4270,
4271,
4268,Coastal Valleys and Foothills
4273,
4275,
4277,
4272,
4274,
4237,
4279,
4280,
4285,
3882,
4209,Southern San Juoquin
4287,
4267,
4276,
4289,
4223,
4291,Southern San Juoquin Foothills
4292,
4293,
4294,
4295,
4298,
4296,Southern San Juoquin Foothills
4281,
4301,Southern San Juoquin Foothills
4302,Southern San Juoquin Foothills
4303,Southern San Juoquin Foothills
4290,Southern San Juoquin Foothills
4282,
4286,
4306,Southern San Juoquin Foothills
4307,Southern San Juoquin Foothills
4304,
4283,
4305,
4308,Southern San Juoquin Foothills
3887,Southern San Juoquin
4297,Southern San Juoquin Foothills
4311,
4225,Southern San Juoquin Foothills
4313,
4299,Southern San Juoquin Foothills
4315,
4317,
4208,Southern San Juoquin Foothills
4318,Southern San Juoquin Foothills
4284,
4309,Southern San Juoquin Foothills
4310,Southern San Juoquin Foothills
4323,
4324,
4322,
4328,
4316,Coastal Valleys and Foothills
4330,
4326,
4332,
3925,Central Coast
4321,Central Coast
4333,
4320,
4335,Coastal Valleys and Foothills
4336,Coastal Valleys and Foothills
4337,
4325,
4339,
4312,
4338,
4341,
4342,
4343,
4327,Coastal Valleys and Foothills
4011,Coastal Valleys and Foothills
4346,Coastal Valleys and Foothills
4340,
4329,Coastal Valleys and Foothills
4345,
4347,
4349,
4353,Southern San Juoquin Foothills
4351,
4300,Central Coast
4355,Southern San Juoquin Foothills
4334,
4344,Central Coast
4358,Southern San Juoquin Foothills
4356,
4354,
4350,
4288,
4352,
4361,
4366,
4363,
4368,
4370,
4371,
4181,
4375,
4377,
4372,
4373,Southern San Juoquin Foothills
4379,
4380,
4378,
4382,
4348,
4357,
4384,
4362,
4387,
4389,
4391,
4381,
4385,
4395,Central Coast
4374,
4388,
4397,
4393,
4394,
4398,
3994,Southern San Juoquin
4400,
4401,
4278,Coastal Valleys and Foothills
4359,Southern San Juoquin Foothills
3928,Southern San Juoquin Foothills
4403,
4376,
4404,
4405,
4407,
4406,
4396,
4408,
4390,
4399,
4409,
4411,
4412,
4413,
4414,Southern San Juoquin Foothills
4415,
4386,
3967,Southern San Juoquin Foothills
4402,
4392,
4418,
4416,
4420,
4421,Southern San Juoquin Foothills
4369,Southern San Juoquin Foothills
4424,Southern San Juoquin Foothills
4426,Southern San Juoquin Foothills
4410,Southern San Juoquin Foothills
4417,Southern San Juoquin Foothills
4425,Southern San Juoquin Foothills
4431,Southern San Juoquin Foothills
4422,Southern San Juoquin Foothills
4423,
4434,Southern San Juoquin Foothills
3960,Southern San Juoquin Foothills
4430,Southern San Juoquin Foothills
4433,
4429,Southern San Juoquin Foothills
4438,Southern San Juoquin Foothills
4432,Southern San Juoquin Foothills
4439,
4440,
4367,
4436,
4443,Southern San Juoquin Foothills
4442,Southern San Juoquin Foothills
4447,
4441,
4444,
4427,
4445,
4448,
4449,Southern San Juoquin Foothills
4450,
4435,
4451,
4453,
4446,
4454,
4360,Southern San Juoquin Foothills
4455,Southern San Juoquin Foothills
4456,Southern San Juoquin Foothills
4314,Central Coast
4452,Southern San Juoquin Foothills
4419,Southern San Juoquin Foothills
3941,
4428,
4459,
4460,
4461,
4458,
4463,
4464,
4466,
4467,
4462,
4465,
4469,
4468,
4457,Grapevine
4470,
4475,Grapevine
4476,
4477,Grapevine
4478,
4480,Grapevine
4471,
4479,Grapevine
4482,
4473,
4483,Grapevine
4484,Grapevine
4486,Grapevine
4472,
4487,
4485,Grapevine
4488,Grapevine
4481,
4492,Grapevine
4493,Grapevine
4494,Grapevine
4495,Grapevine
4498,Grapevine
4497,Grapevine
4500,
4501,
4383,Coastal Valleys and Foothills
4503,
4499,
4504,
4505,Central Coast
4502,
4489,Grapevine
4491,
4437,
4506,
4509,
4510,
4508,
4511,
4507,
4513,
4514,
4516,
4517,
4515,
4521,
4523,
4518,
4526,
4528,
4527,
4532,
4529,
4365,Central Coast
4536,
4537,
4538,
4530,
4531,
4540,
4522,
4519,
4533,
4319,
4539,
4541,
4535,
4542,
4543,
4544,
4550,Central Coast
4551,
4552,
4549,
4548,
4553,
4197,
4554,Central Coast
4556,
4547,
4557,
4558,Central Coast
4559,Central Coast
4555,Central Coast
4560,
4561,
4563,Central Coast
4564,Central Coast
4565,Central Coast
4534,
4562,Central Coast
4569,
4566,Central Coast
4570,
4571,
4572,Central Coast
4573,Central Coast
4546,
4576,
4577,
4578,
4579,Central Coast
4581,
4568,
4583,
4584,
4567,Central Coast
4574,
4586,
4589,
4590,
4490,Central Coast
4588,
4580,Central Coast
4545,
4592,
4585,
4593,
4591,
4597,
4594,Central Coast
4599,
4596,
4598,
4600,
4601,
4602,Central Coast
4606,
4587,
4608,
4605,
4610,
4611,
4612,
4603,
4613,
4604,Central Coast
4614,Central Coast
4607,
4618,
4619,
4621,Central Coast
4474,Grapevine
4623,
4615,
4616,
4620,
4628,
4629,
4575,
4622,
4609,
4632,
4634,
4631,
4633,
4638,
4639,
4364,Grapevine
4582,
4637,
4642,
4643,
4644,
4640,
4624,
4630,
4641,
4646,
4647,
4635,
4626,
4648,
4649,
4650,
4651,
4636,
4653,
4617,
4627,
4625,
4652,
4654,
4655,
4656,
4657,
4659,
4658,
4660,
4331,
4661,
4663,
4662,
4666,
4667,
4664,
4670,
4525,
4668,
4665,
4671,
4672,
4674,
4595,
4677,
4679,
4680,
4681,
4682,
4685,South Coast Arid
4684,
4688,South Coast Arid
4673,
4690,
4691,
4692,
4689,
4687,
4696,
4695,
4694,
4496,Central Coast
4700,
4676,
4693,
4704,
4705,
4701,
4698,
4706,
4675,
4686,
4707,
4669,
4702,South Coast Arid
4708,
4512,
4713,
4714,
4716,
4717,
4699,South Coast Arid
4718,Imperial Valley / Lower Colorado
4720,Imperial Valley / Lower Colorado
4697,
4721,
4723,
4726,Imperial Valley / Lower Colorado
4727,
4712,
4728,
4724,Imperial Valley / Lower Colorado
4719,Imperial Valley / Lower Colorado
4730,
4732,
4729,Imperial Valley / Lower Colorado
4731,
4736,
4737,
4734,
4739,
4740,
4722,
4742,
4743,
4711,
4744,
4745,
4709,
4746,Imperial Valley / Lower Colorado
4678,Imperial Valley / Lower Colorado
4738,
4751,
4748,Imperial Valley / Lower Colorado
4749,Imperial Valley / Lower Colorado
4753,Imperial Valley / Lower Colorado
4715,Imperial Valley / Lower Colorado
4752,
4754,
4755,Imperial Valley / Lower Colorado
4756,
4741,
4759,
4760,
4761,Imperial Valley / Lower Colorado
4762,
4758,
4703,
4763,Imperial Valley / Lower Colorado
4765,
4757,
4767,Imperial Valley / Lower Colorado
4768,
4764,
4770,
4772,
4733,
4766,
4780,
4735,
4777,
4779,
4781,
4524,
4782,
4783,
4773,
4774,
4725,Imperial Valley / Lower Colorado
4775,Imperial Valley / Lower Colorado
4771,
4787,
4778,
4789,
4790,
4791,
4788,
4793,
4769,
4794,
4792,
4795,
4784,
4799,Imperial Valley / Lower Colorado
4785,
4803,
4801,
4802,
4806,
4807,
4808,Imperial Valley / Lower Colorado
4798,
4812,Imperial Valley / Lower Colorado
4815,
4810,
4796,
4816,
4786,
4818,
4814,
4819,Imperial Valley / Lower Colorado
4820,
4811,
4821,Imperial Valley / Lower Colorado
4747,Imperial Valley / Lower Colorado
4809,Imperial Valley / Lower Colorado
4824,
4826,
4827,
4828,Imperial Valley / Lower Colorado
4822,Imperial Valley / Lower Colorado
4829,
4831,
4832,
4823,
4825,
4835,
4833,
4797,South Coast Arid
4836,
4834,
4837,
4817,
4838,
4839,
4842,
4840,
4841,
4750,Imperial Valley / Lower Colorado
4776,
4843,
4804,
4846,
4847,
4844,
4848,
4830,Imperial Valley / Lower Colorado
4849,
4851,
4853,
4850,
4813,
4852,
4683,
4856,
4857,
4854,
4855,
4859,
4860,
4862,
4858,
4863,
4864,
4861,
4645,South Coast Arid
4867,
4868,
4869,
4710,South Coast Arid
4865,
4870,
4871,
4872,
4805,
4876,
4874,
4877,
4866,
4878,
4875,
4520,
4879,
4880,
4881,
4845,Imperial Valley / Lower Colorado
4882,
4883,
4884,
4885,
4800,Imperial Valley / Lower Colorado
4886,
4873,Imperial Valley / Lower Colorado
